<?xml version="1.0" encoding="UTF-8"?>
<?xml-stylesheet type="text/xsl" href="configuration.xsl"?>
<!--
  Licensed under the Apache License, Version 2.0 (the "License");
  you may not use this file except in compliance with the License.
  You may obtain a copy of the License at

    http://www.apache.org/licenses/LICENSE-2.0

  Unless required by applicable law or agreed to in writing, software
  distributed under the License is distributed on an "AS IS" BASIS,
  WITHOUT WARRANTIES OR CONDITIONS OF ANY KIND, either express or implied.
  See the License for the specific language governing permissions and
  limitations under the License. See accompanying LICENSE file.
-->

<!-- Put site-specific property overrides in this file. -->

<configuration>
   <property>
       <name>dfs.replication</name>
       <value>1</value>
       <description>副本个数，配置默认是3,应小于datanode机器数量</description>
   </property>
   <property>
      <name>dfs.http.address</name>
      <value>0.0.0.0:50070</value>
      <description>将绑定IP改为0.0.0.0，而不是本地回环IP，这样，就能够实现外网访问本机的50070端口了</description>
   </property>

  <property>
    <name>dfs.namenode.http-address</name>
    <value>0.0.0.0:9870</value>
    <description></description>
  </property>
</configuration>
