<?xml version="1.0" encoding="UTF-8"?>
<?xml-stylesheet type="text/xsl" href="configuration.xsl"?>
<!--
  Licensed under the Apache License, Version 2.0 (the "License");
  you may not use this file except in compliance with the License.
  You may obtain a copy of the License at

    http://www.apache.org/licenses/LICENSE-2.0

  Unless required by applicable law or agreed to in writing, software
  distributed under the License is distributed on an "AS IS" BASIS,
  WITHOUT WARRANTIES OR CONDITIONS OF ANY KIND, either express or implied.
  See the License for the specific language governing permissions and
  limitations under the License. See accompanying LICENSE file.
-->

<!-- Put site-specific property overrides in this file. -->

<configuration>
 <!-- 指定 NameNode 的地址 -->
 <property>
 	<name>fs.defaultFS</name>
 	<value>hdfs://hadoop01:8020</value>
 </property>
 <!-- 指定 hadoop 数据的存储目录 -->
 <property>
 	<name>hadoop.tmp.dir</name>
 	<value>/opt/module/hadoop-3.3.5/data</value>
 </property>
 <!-- 配置 HDFS 网页登录使用的静态用户为 atguigu -->
 <property>
 	<name>hadoop.http.staticuser.user</name>
 	<value>bigdata</value>
 </property>

<!--配置所有节点的bigdata用户都可作为代理用户-->

<property>

    <name>hadoop.proxyuser.bigdata.hosts</name>

    <value>*</value>

</property>



<!--配置bigdata用户能够代理的用户组为任意组-->

<property>

    <name>hadoop.proxyuser.bigdata.groups</name>

    <value>*</value>

</property>



<!--配置bigdata用户能够代理的用户为任意用户-->

<property>

    <name>hadoop.proxyuser.bigdata.users</name>

    <value>*</value>

</property>
</configuration>
