<?xml version="1.0" encoding="UTF-8"?>
<?xml-stylesheet type="text/xsl" href="configuration.xsl"?>
<!--
  Licensed under the Apache License, Version 2.0 (the "License");
  you may not use this file except in compliance with the License.
  You may obtain a copy of the License at

    http://www.apache.org/licenses/LICENSE-2.0

  Unless required by applicable law or agreed to in writing, software
  distributed under the License is distributed on an "AS IS" BASIS,
  WITHOUT WARRANTIES OR CONDITIONS OF ANY KIND, either express or implied.
  See the License for the specific language governing permissions and
  limitations under the License. See accompanying LICENSE file.
-->

<!-- Put site-specific property overrides in this file. -->

<configuration>
<!-- nn web 端访问地址-->
<property>
 <name>dfs.namenode.http-address</name>
 <value>hadoop01:9870</value>
 </property>
<!-- 2nn web 端访问地址-->
 <property>
 <name>dfs.namenode.secondary.http-address</name>
 <value>hadoop03:9868</value>
 </property>
</configuration>
